<?xml version="1.0" encoding="UTF-8"?>
<fmuDeploymentList xmlns:xsi="http://www.w3.org/2001/XMLSchema-instance" xsi:noNamespaceSchemaLocation="fmiPlmDeployment.xsd">
  <fmuDeployment HostURI="MyComputer" fmuGUID="A35F89DD56" fmuLocation="\Temp\FMU\myFMU.fmu">
    <ResourceFile FileLocalURI="\Temp\FMU\data.txt" FileName="data.txt"/>
	<ResourceFile FileLocalURI="\Temp\FMU\data2.txt" FileName="data2.txt"/>
  </fmuDeployment>
  <fmuDeployment HostURI="MyComputer2" fmuGUID="A35F897A6" fmuLocation="\Temp\myFMU2.fmu">
    <ResourceFile FileLocalURI="\FMU\inputFile.txt" FileName="inputFile.txt"/>
	<ResourceFile FileLocalURI="\FMU\data2.txt" FileName="data2.txt"/>
  </fmuDeployment>
</fmuDeploymentList>
